<?xml version="1.0" encoding="UTF-8"?>
<project-private xmlns="http://www.netbeans.org/ns/project-private/1">
    <editor-bookmarks xmlns="http://www.netbeans.org/ns/editor-bookmarks/1"/>
    <editor-bookmarks xmlns="http://www.netbeans.org/ns/editor-bookmarks/2" lastBookmarkId="0"/>
    <open-files xmlns="http://www.netbeans.org/ns/projectui-open-files/2">
        <group>
            <file>file:/C:/Users/company/Dropbox/Sistemas%20Inteligentes%20(2)/Prácticas/Practica1_15_16/Sudoku/src/sudoku/Main.java</file>
            <file>file:/C:/Users/company/Dropbox/Sistemas%20Inteligentes%20(2)/Prácticas/Practica1_15_16/Sudoku/src/sudoku/Tablero.java</file>
            <file>file:/C:/Users/company/Dropbox/Sistemas%20Inteligentes%20(2)/Prácticas/Practica1_15_16/Sudoku/src/sudoku/Jugador.java</file>
        </group>
    </open-files>
</project-private>
